slug,etiqueta_li
chateau-royal-de-amboise,"ğŸ”­ Sube a las terrazas para disfrutar de las mejores vistas del rÃ­o Loira."
chateau-royal-de-amboise,"ğŸ• Visita la capilla de Saint-Hubert, donde descansan los restos de Leonardo da Vinci."
chateau-royal-de-amboise,"ğŸ˜ï¸ Dedica tiempo a recorrer el pueblo de Amboise, lleno de encanto e historia."
chateau-royal-de-amboise,"â˜€ï¸ Evita las horas centrales del dÃ­a en verano; el sol puede ser intenso en las terrazas."
chateau-royal-de-amboise,"â° Llega a primera hora para disfrutar las terrazas y vistas al Loira sin aglomeraciones."
chateau-royal-de-amboise,"ğŸ° Recorre los jardines, perfectos para pasear y descansar un rato."
chateau-royal-de-amboise,"ğŸ§ Si puedes, usa la audioguÃ­a: explica la historia real del castillo de forma breve y muy clara."
chateau-de-azay-le-rideau,"ğŸŒ… Llega temprano para disfrutar del reflejo del castillo en el rÃ­o Indre."
chateau-de-azay-le-rideau,"ğŸš¶â€â™€ï¸ Recorre los jardines renacentistas con calma, son muy extensos."
chateau-de-azay-le-rideau,"ğŸ“· No olvides tu cÃ¡mara, el castillo y el rÃ­o ofrecen vistas espectaculares."
chateau-de-azay-le-rideau,"ğŸ§ Consulta los horarios de visitas guiadas para aprovechar al mÃ¡ximo la experiencia."
chateau-de-beaugency,"ğŸ° No te pierdas la torre medieval y las proyecciones inmersivas del espectÃ¡culo LumiÃ¨res."
chateau-de-beaugency,"ğŸŒ‰ Pasea por el puente histÃ³rico sobre el rÃ­o Loira para obtener las mejores fotos del castillo."
chateau-de-beaugency,"ğŸ•°ï¸ Reserva al menos 1 hora para la visita; las salas con experiencias digitales sorprenden."
chateau-de-beaugency,"â˜• DespuÃ©s de la visita, disfruta de una terraza en el centro del pueblo, muy pintoresco."
chateau-de-beauregard,"ğŸ–¼ï¸ No te pierdas la GalerÃ­a de los Retratos: mÃ¡s de 300 personajes histÃ³ricos en una sola sala."
chateau-de-beauregard,"ğŸŒ³ Recorre el â€˜jardÃ­n de los retratosâ€™, un concepto Ãºnico basado en colores y estaciones."
chateau-de-beauregard,"ğŸ“¸ Llega temprano para disfrutar del castillo con tranquilidad y sacar fotos sin gente."
chateau-de-beauregard,"ğŸ“š Dedica tiempo a leer las anÃ©cdotas de los personajes retratados: le aÃ±ade mucha profundidad a la visita."
chateau-royal-de-blois,"ğŸ° Observa los tres estilos arquitectÃ³nicos del castillo: gÃ³tico, renacentista y clÃ¡sico."
chateau-royal-de-blois,"ğŸ‘‘ Visita la Salle des Ã‰tats GÃ©nÃ©raux, una de las salas medievales mÃ¡s grandes aÃºn conservadas en Francia."
chateau-royal-de-blois,"âœ¨ QuÃ©date para el espectÃ¡culo nocturno de luz y sonido, que proyecta la historia del castillo en sus fachadas."
chateau-royal-de-blois,"ğŸ“¸ Sube al mirador para obtener una de las mejores vistas del casco histÃ³rico y del rÃ­o Loira."
chateau-de-chambord,"ğŸ° Sube a las terrazas para ver la famosa escalera doble y las vistas panorÃ¡micas del parque."
chateau-de-chambord,"ğŸ“¸ Desde el estanque del lado norte obtienes la foto mÃ¡s icÃ³nica con el reflejo del castillo."
chateau-de-chambord,"ğŸš² Alquila una bicicleta para recorrer los senderos del dominio, es el parque murado mÃ¡s grande de Europa."
chateau-de-chambord,"â° Ve temprano por la maÃ±ana o al atardecer para evitar grupos y disfrutar del castillo casi en solitario."
chateau-de-chaumont-sur-loire,"ğŸŒ¿ Si visitas entre abril y octubre, recorre el Festival Internacional de Jardines; cada parcela es una obra de arte viva."
chateau-de-chaumont-sur-loire,"ğŸŒ… QuÃ©date hasta el atardecer: las vistas del rÃ­o Loira desde la terraza son espectaculares."
chateau-de-chaumont-sur-loire,"ğŸŸï¸ Compra la entrada combinada castillo + jardines para disfrutar de todo el dominio."
chateau-de-chaumont-sur-loire,"ğŸ“¸ Lleva baterÃ­a extra: hay arte contemporÃ¡neo repartido por el dominio y muchas oportunidades fotogrÃ¡ficas."
chateau-de-chenonceau,"ğŸŒ‰ Cruza la galerÃ­a sobre el rÃ­o Cher: caminar dentro de un castillo-puente es una experiencia Ãºnica."
chateau-de-chenonceau,"ğŸŒº Recorre los jardines de Diana de Poitiers y Catalina de MÃ©dici; cada uno tiene un estilo y diseÃ±o muy diferente."
chateau-de-chenonceau,"ğŸš¤ Si el clima acompaÃ±a, toma un paseo en barca por el rÃ­o Cher para obtener la mejor foto del castillo reflejado en el agua."
chateau-de-chenonceau,"ğŸ“· Llega temprano o al atardecer para evitar grupos turÃ­sticos y conseguir fotos espectaculares con reflejo en el agua."
chateau-de-cheverny,"ğŸ¨ Observa la decoraciÃ³n interior: es el castillo del Loira con los interiores mejor conservados."
chateau-de-cheverny,"ğŸ¶ No te pierdas la perrera con mÃ¡s de 100 perros de caza; normalmente puedes verles durante la alimentaciÃ³n."
chateau-de-cheverny,"ğŸ“š En la exposiciÃ³n permanente de TintÃ­n podrÃ¡s ver escenarios del cÃ³mic â€˜El Secreto del Unicornioâ€™."
chateau-de-cheverny,"ğŸŒ³ Pasea por el parque y los jardines ingleses; el pequeÃ±o lago es perfecto para fotos."
fortaleza-real-de-chinon,"ğŸ° Sube a las torres para obtener las mejores vistas del rÃ­o Vienne y del casco histÃ³rico."
fortaleza-real-de-chinon,"ğŸ§ Usa la audioguÃ­a o la tablet interactiva: permite ver reconstrucciones de cÃ³mo era la fortaleza en la Edad Media."
fortaleza-real-de-chinon,"ğŸ•°ï¸ Reserva tiempo para recorrer cada edificio, la visita es extensa y estÃ¡ llena de historia (Juana de Arco estuvo aquÃ­)."
fortaleza-real-de-chinon,"ğŸ· DespuÃ©s de la visita, acÃ©rcate al pueblo y prueba un vino Chinon AOC, es una zona vinÃ­cola famosa."
chateau-de-clos-luce,"ğŸ§  Recorre las salas donde viviÃ³ Leonardo da Vinci y observa las maquetas de sus inventos a escala real."
chateau-de-clos-luce,"ğŸŒ¿ Pasea por el parque y el jardÃ­n renacentista: hay mÃ¡quinas e instalaciones interactivas basadas en los diseÃ±os de Leonardo."
chateau-de-clos-luce,"ğŸ¥ No te pierdas las proyecciones y animaciones inmersivas que explican sus inventos y obras."
chateau-de-clos-luce,"ğŸ“¸ Desde los miradores del parque se obtienen excelentes fotos del castillo y del entorno natural."
chateau-de-langeais,"ğŸ° Llega a primera hora: la reconstrucciÃ³n del interior permite ver el castillo como si aÃºn estuviera habitado."
chateau-de-langeais,"ğŸ‘‘ No te pierdas la recreaciÃ³n del matrimonio entre Ana de BretaÃ±a y Carlos VIII, uno de los eventos histÃ³ricos mÃ¡s importantes del castillo."
chateau-de-langeais,"ğŸŒ‰ Sube a la parte superior del puente levadizo y a las murallas para obtener las mejores vistas del pueblo."
chateau-de-langeais,"ğŸŒ¿ El parque tiene un mirador con vistas panorÃ¡micas al rÃ­o Loira: ideal para descansar y sacar fotos."
chateau-de-saumur,"ğŸ° Llega temprano para recorrer las salas y torres con tranquilidad antes de que lleguen los grupos turÃ­sticos."
chateau-de-saumur,"ğŸŒ¿ Pasea por los jardines del castillo y disfruta de las vistas panorÃ¡micas sobre el rÃ­o Loira."
chateau-de-saumur,"ğŸ“¸ No olvides la cÃ¡mara: desde las murallas se obtienen fotos espectaculares del casco histÃ³rico y el rÃ­o."
chateau-de-saumur,"â° Reserva al menos 1â€“2 horas para la visita completa, incluyendo las exposiciones sobre la historia de los caballos y la ciudad."
chateau-de-usse,"ğŸ° Llega temprano para recorrer el castillo sin multitudes y disfrutar de su interior plenamente."
chateau-de-usse,"ğŸŒ¸ Pasea por los jardines y el parque, cada rincÃ³n estÃ¡ cuidado y ofrece vistas encantadoras."
chateau-de-usse,"ğŸ“· No olvides tu cÃ¡mara: los detalles arquitectÃ³nicos y los interiores son muy fotogÃ©nicos."
chateau-de-usse,"â° Reserva tiempo suficiente para explorar tanto el castillo como sus exposiciones y jardines con calma."
chateau-de-villandry,"ğŸŒ¿ Explora los jardines por secciones: jardÃ­n ornamental, huerto y jardÃ­n de agua."
chateau-de-villandry,"â° Visita temprano para evitar multitudes y disfrutar de la tranquilidad."
chateau-de-villandry,"ğŸ“¸ Lleva cÃ¡mara, los laberintos y parterres son fotogÃ©nicos."
chateau-de-fougeres-sur-bievre,"ğŸ° Recorre las murallas y torres para apreciar su arquitectura defensiva medieval."
chateau-de-fougeres-sur-bievre,"ğŸ“š Lee la historia del castillo antes de ir: entender su funciÃ³n militar enriquece la visita."
chateau-de-fougeres-sur-bievre,"ğŸ›¡ï¸ Observa detalles como las aspilleras, matacanes y el puente de acceso: son autÃ©nticos del siglo XV."
chateau-de-fougeres-sur-bievre,"ğŸ“¸ FotografÃ­a el castillo desde el prado exterior para captar su silueta fortificada."
chateau-de-fougeres-sur-bievre,"ğŸ‘Ÿ Lleva calzado cÃ³modo: aunque es pequeÃ±o, tiene mÃºltiples niveles y escaleras de piedra."